{"iteration": 0, "timestamp": "2025-12-04 17:39:34", "phase": 1, "X": [[30.0, 0.6000000089406967, 35.0, 13.0, 8.5, 10.0, 10.0, 40.0, 4.0, 7.0, 1.0], [5.0, 2.600000038743019, 30.0, 18.0, 7.0, 30.0, 19.0, 30.0, 16.0, 5.0, 1.0], [15.0, 1.700000025331974, 35.0, 1.0, 7.5, 20.0, 4.0, 20.0, 10.0, 2.0, 2.0], [19.0, 4.000000059604645, 25.0, 28.0, 7.0, 20.0, 13.0, 50.0, 9.0, 8.0, 1.0], [18.0, 2.3000000342726707, 30.0, 24.0, 7.0, 15.0, 2.0, 10.0, 13.0, 3.0, 2.0]], "Y": [[0.7591225815894876, 0.7843071618417777, 0.8410774456496409], [0.6419450386814046, 0.7077945304964904, 0.6331044830128253], [0.7318928416320379, 0.8725594341754913, 0.7095644362093082], [0.6693745309461454, 0.8236215025186538, 0.7084244832005798], [0.6969110727981963, 0.8580913832919163, 0.8617988350733351]], "candidates": [[30.0, 0.6000000089406967, 35.0, 13.0, 8.5, 10.0, 10.0, 40.0, 4.0, 7.0, 1.0], [5.0, 2.600000038743019, 30.0, 18.0, 7.0, 30.0, 19.0, 30.0, 16.0, 5.0, 1.0], [15.0, 1.700000025331974, 35.0, 1.0, 7.5, 20.0, 4.0, 20.0, 10.0, 2.0, 2.0], [19.0, 4.000000059604645, 25.0, 28.0, 7.0, 20.0, 13.0, 50.0, 9.0, 8.0, 1.0], [18.0, 2.3000000342726707, 30.0, 24.0, 7.0, 15.0, 2.0, 10.0, 13.0, 3.0, 2.0]], "hypervolume": 0.7979524139201533, "pareto_front": {"X": [[30.0, 0.6000000089406967, 35.0, 13.0, 8.5, 10.0, 10.0, 40.0, 4.0, 7.0, 1.0], [15.0, 1.700000025331974, 35.0, 1.0, 7.5, 20.0, 4.0, 20.0, 10.0, 2.0, 2.0], [18.0, 2.3000000342726707, 30.0, 24.0, 7.0, 15.0, 2.0, 10.0, 13.0, 3.0, 2.0]], "Y": [[0.7591225815894876, 0.7843071618417777, 0.8410774456496409], [0.7318928416320379, 0.8725594341754913, 0.7095644362093082], [0.6969110727981963, 0.8580913832919163, 0.8617988350733351]]}, "acquisition_values": null}
